Lab ID,Core,CoreTopDepth,SampleThickness,CompositeDepth,SedMass_g,HPLCID,d13C,%Cwt,d15N,%Nwt,C/N,Age_yr,Std_ug,GDGT-0,GDGT-1,GDGT-2,GDGT-3,GDGT-4,GDGT-4',brGDGT-IIIa-5Me,brGDGT-IIIa-6Me,brGDGT-IIIb-5Me,brGDGT-IIIb-6Me,brGDGT-IIIc-5Me,brGDGT-IIIc-6Me,brGDGT-IIa-5Me,brGDGT-IIa-6Me,brGDGT-IIb-5Me,brGDGT-IIb-6Me,brGDGT-IIc-5Me,brGDGT-IIc-6Me,brGDGT-Ia,brGDGT-Ib,brGDGT-Ic,IntStd,LCA37:4,LCA37:3a,LCA37:3b,LCA37:2,BayMBT_low,BayMBT,BayMBT_high
AC036,16GUS-B1A,0,0.5,0,0.38411,H1711000094,-27.20243451,9.75525218,1.999387004,0.856498711,11.38968694,-67,0.1,450876,11711.7,5394.71875,1320.04822,36000.4,832.08521,3246620,479331,26068.1,0,4731.14453,0,3117560,898297,121796,31408.1,28269,0,1942970,122512,22790.3,657424,239,106,95,14,1.836037683,7.416128461,13.35565365
AC006,16GUS-B1A,2,0.5,2,0.49941,H1801000039,-27.17575856,9.669624406,2.612478965,0.702849776,13.7577399,-52,0.1,621193,17648,7674.27393,1697.12,50420.1,1148.19751,4832910,790554,40202.4,14439.3,6818.01953,0,4506090,1435750,202381,57297.9,41065.3,0,2819840,177313,34487.3,NA,149.5,55,52,4.5,0.41218943,4.562113357,10.28087442
AC086,16GUS-B1A,7.5,0.5,7.5,0.39236,H1801000154,-27.58248015,9.432249856,3.592302061,0.584286479,16.14319379,-15,0.1,345014,26379.2,14842.4,3755.75635,135247,2743.38428,3711900,540705,27498.4,12337.5,6659.83398,0,4035750,928089,180459,50182.3,38956.9,0,2562090,169664,30177.3,738793,,,,,0.524341013,5.41910448,10.95397046
AC076,16GUS-B1A,14,0.5,14,0.38221,H1711000106,-27.04062875,8.783079775,3.276876643,0.554993763,15.82554681,78,0.1,281622,22359.7,15032.1,3035.65527,140777,2898.12598,2276430,339492,20441.1,8353.58398,4083.61523,0,2491970,591155,120297,35890.8,24569,0,1661170,120289,21034,528516,,,,,0.953006076,6.106315207,11.83431385
AC025,16GUS-B1A,20.5,0.5,20.5,0.29748,H1801000042,-27.40752011,11.35932939,3.609441759,0.679466581,16.71801044,198,0.1,502447,28981.4,17669.5,4529.69727,162566,3242.72046,4316390,505372,69339.3,29641.8,2298.5686,0,5179170,996634,195062,48181.2,46190.7,0,3336230,186788,30627.5,899277,,,,,1.34045566,6.509176795,11.8098486
AC088,16GUS-B1A,28.5,0.5,28.5,0.35197,H1801000155,-27.20971368,9.597592215,3.346111468,0.610178097,15.72916542,345,0.1,391871,33913.6,20156.8,4584.3623,176627,3354.29346,4566980,550177,27660.7,10817.3,7902.47803,0,5825830,1036070,206128,56092.4,53596.6,0,3613260,222984,36802.5,856579,,,,,1.423936738,6.752598846,12.31488942
AC093,16GUS-B1A,37,0.5,37,0.29249,H1711000111,-27.27939421,10.40062657,3.345158861,0.571003703,18.21463946,489,0.1,289040,22621.6,12741.5,3144.46558,121435,2184.05444,2456890,294132,18052.6,9420.75391,3226.67407,0,3034700,622328,119201,29457,25614.8,0,1918920,125258,19547.4,472034,,,,,2.670345272,7.626617175,12.87338
AC007,16GUS-B1A,46,0.5,46,0.31422,H1801000041,-26.92075875,8.90567926,3.498415708,0.549264165,16.21383632,647,0.1,327437,28680,20089.7,4777.77783,178833,3166.85278,3040890,416400,31775.2,14305.1,0,0,3487250,739077,161919,38815.7,30282.7,0,2223960,156614,24503.6,NA,35,14,12,1,1.976190334,7.591840559,13.25442166
AC089,16GUS-B1A,53.5,0.5,53.5,0.38083,H1801000156,-27.43093718,7.744617708,3.8189853,0.520363738,14.88308494,757,0.1,408383,29405.2,19730.4,4333.79541,166145,3226.86548,3513670,456149,24300.4,11753.3,8059.85107,0,4022870,905674,213247,46802,40338.4,0,2769870,237867,35438.9,795102,,,,,1.724175979,6.856748648,12.75010674
AC043,16GUS-B1B,8,0.5,62,0.27976,H1711000096,-27.14348797,8.697674031,2.683946328,0.612931839,14.19027938,872,0.1,166780,11579.1,8436.31836,1567.60718,67811.7,1118.87793,1480320,204747,11353.8,6213.4248,3527.76611,0,1510160,393742,93832.5,22385.4,17368.7,0,1037340,93103.7,16523,460604,14,8,7,2,1.566967827,6.805766871,12.87333006
AC026,16GUS-B1B,15,0.5,69,0.38901,H1801000043,-27.14153217,7.061632521,1.905667151,0.500240864,14.11646474,965,0.1,374835,29661.7,19771.8,4670.38916,159606,3548.16382,3708220,578895,58284.1,34908.7,12957.4,2728.90234,3967910,963844,229629,50517.5,42577.9,0,2696170,239593,39542.4,929227,64,30,26,5,2.58661447,7.702219053,12.86436935
AC037,16GUS-B1B,22,0.5,76,0.37543,H1801000134,-26.96257705,7.691921168,2.732914731,0.52907292,14.53848964,1061,0.1,349665,19832.1,11462.8,2461.08398,91839.8,1885.19836,2772900,374430,21385.3,0,5043.45166,1310.82336,3196350,736155,164501,39397.2,28847.2,0,2171600,178510,26124.7,823181,62,33,26,9,1.596891055,6.710450509,12.33716158
AC081,16GUS-B1B,28.5,0.5,82.5,0.40354,H1711000107,-26.5450151,7.979212011,2.606195822,NA,NA,1162,0.1,359078,17079.8,10608.7,2093.66748,93462,2039.34167,1892680,276216,18969.2,8565.75,4022.17505,0,2218530,502998,142026,39321.8,23254.9,0,1665000,174062,26266.6,569261,,,,,1.753354018,7.342946387,12.78826685
AC030,16GUS-B1B,34,0.5,88,0.29751,H1801000045,-26.88238951,7.726692198,2.003088811,0.540355218,14.29928303,1301,0.1,255606,19889.2,11805,2685.77661,113182,2724.66772,2337370,362634,13268.4,0,5479.01709,0,2416560,702563,152712,39943.1,26128.2,1287.63416,1756660,167176,27349.4,764069,14,8,6,4,1.4439699,6.827560666,13.01380512
AC040,16GUS-B1B,39,0.5,93,0.34063,H1801000138,-26.65160586,8.007862868,2.722976864,0.5551993,14.42340231,1434,0.1,269858,25608,16370.5,3517.86255,150382,2985.97827,3106900,393178,26086.5,10715.2,8134.43408,0,3115050,794364,238655,50337.5,40150.7,2145.18433,2246020,245984,39400.6,825687,20,10,9,3,1.672170317,6.897043782,12.27731005
AC035,16GUS-B1B,43.5,0.5,97.5,0.43854,H1711000093,-26.67409749,9.089996982,1.196445107,0.634267461,14.33148876,1540,0.1,412051,26291.3,15169.6,2722.60327,141983,2919.21948,2928750,418123,26345,12007,6488.58594,0,3163100,882508,198706,50468.9,30789.9,0,2254350,214372,33516.8,555346,59,25,22,6,0.820287321,5.760850576,11.32415454
AC047,16GUS-B1B,47.5,0.5,101.5,0.49249,H1801000047,-26.68974384,7.512786416,1.185208127,0.515629063,14.57013765,1641,0.1,379394,32104.9,19448.6,3944.60498,176684,3502.79663,3044520,496973,14162.5,22077.7,7786.73633,0,3156820,964590,244672,68456.3,44749,1571.12769,2242590,270628,49025.1,868931,,,,,1.537801911,6.712024611,12.27866876
AC080,16GUS-B1B,51.5,0.5,105.5,0.40632,H1801000152,-26.93715174,7.528903385,2.968405988,NA,NA,1734,0.1,419790,30172.1,16730.8,3767.45215,128927,2172.76294,3317560,541018,32682.9,14088,7279.354,0,3516790,1026290,231257,65677.3,38221.4,0,2562100,282376,43600.6,798610,,,,,2.016598734,7.340197798,13.56980732
AC045,16GUS-B1B,55,0.5,109,0.42341,H1711000097,-26.915638,8.626489166,2.822204183,0.61818292,13.95458996,1830,0.1,301878,26011.2,14051.1,2636.48071,126206,2573.63013,2501670,359157,23602,12209.1,6186.69629,0,2762410,696660,171243,47893.7,31520.8,0,1983950,219917,35868,571673,,,,,2.254276293,7.504830099,13.2699018
AC074,16GUS-B1B,58.5,0.5,112.5,0.379,H1801000060,-27.28134331,6.850446955,3.649418336,0.497690563,13.76447026,1947,0.1,414785,39599.1,2819.27124,4616.44824,187246,3161.17041,3391490,576574,32558.1,17621.4,8030.14648,0,3433220,1087820,261120,85816.1,46746.7,2960.68994,2466740,293092,47935.6,951549,,,,,1.57702163,6.85669173,12.64486814
AC029,16GUS-B1B,61.5,0.5,115.5,0.41101,H1801000133,-26.81393673,8.838862725,1.89560721,0.651105677,13.57515843,2055,0.1,414993,38263.3,19738.7,4458.92383,189227,3966.69019,3207270,504360,15173.8,26619,8054.58398,0,3363720,996096,250083,70599.8,41094.5,0,2300690,281347,46927.1,884116,36,17,14,4,1.831063865,7.891794292,13.63921675
AC034,16GUS-B1B,64.5,0.5,118.5,0.3387,H1711000092,-26.84229574,7.79684401,1.72054039,0.572582468,13.61698,2202,0.1,233827,23806.3,14589.6,2546.11938,134460,3281.99878,1985610,303512,19564.9,8970.89551,5435.18408,0,2319950,564738,184570,42538.3,30966.8,0,1498990,200662,33775.7,581617,17,8,7,3,1.744391153,6.908347842,12.25937997
AC091,16GUS-B1B,67.5,0.5,121.5,0.41723,H1801000072,-27.05743305,7.331040703,3.613422577,NA,NA,2321,0.1,593654,35177.6,3101.32544,1623.49878,176188,4254.28955,3394030,567650,34045.3,14671.5,7451.17725,0,3735320,1170170,291125,70538.1,44016.3,3618.77808,2577680,338057,49665.3,774049,,,,,1.574163681,6.492725086,12.14983542
AC039,16GUS-B1B,70.5,0.5,124.5,0.40425,H1801000136,-26.72983761,7.567568735,1.898261575,0.566835808,13.35054812,2436,0.1,509690,35846.7,19026.6,3996.46533,161136,3572.34082,2929750,529137,32878.8,14377.6,6009.98145,0,3333560,1098080,243173,75239.6,37288.6,0,2470580,303438,45153.2,779909,152,61,54,11,2.486840219,7.899903207,13.60738932
AC033,16GUS-B1B,73.5,0.5,127.5,0.31894,H1711000091,-27.14055428,8.623800875,1.703788953,0.579702626,14.87624946,2546,0.1,306328,26735.6,13736.4,2378.74048,122382,0,1717070,331074,20433.8,7219.71484,4991.73438,0,1767370,578539,141321,43098.2,25281.9,0,1336140,189220,32334.3,592567,19,10,9,3,1.697054688,7.356428741,12.31495099
AC092,16GUS-B1B,76,0.5,130,0.52437,H1801000073,-26.92639487,6.823839589,2.714084192,0.504811514,13.51759895,2649,0.1,690237,64454.1,5823.39014,2346.73462,255224,4458.50049,4859730,862332,51344.6,22824.7,12132.4,0,4953700,1673960,411649,104548,73559.5,3365.35767,3610490,520187,85934.6,854828,,,,,2.38220213,7.861482386,13.76287369
AC042,16GUS-B1B,78.5,0.5,132.5,0.511,H1801000139,-26.96355495,6.895650682,2.940170458,0.487937283,14.13224799,2776,0.1,659717,63064.6,30937.4,6432.93262,275179,4285.36865,5857870,928181,70308.9,28543.1,15994.6,0,6602760,1644310,544420,127675,106058,0,4288360,700986,118354,959491,83,37,29,12,1.198442493,6.937308528,12.49574626
AC032,16GUS-B1B,81,0.5,135,0.51062,H1711000090,-27.04960987,7.516171909,2.507009177,0.538108739,13.96775663,2894,0.1,526240,40820.6,17349,2958.73584,160557,2931.86865,4295280,661039,20815.7,17430.7,12380.4,0,4753780,1236930,364218,96548.5,76199.3,0,3123370,481587,86966.9,665520,109,50.5,40.5,7.5,5.020360049,10.41285863,15.93716238
AC079,16GUS-B1B,83,0.5,137,0.6038,H1801000061,-26.99093606,7.589831933,3.055800915,0.708542146,10.71189905,3043,0.1,612860,60462.2,3343.02148,1886.1731,237722,3716.88672,5824820,969527,57895.1,29442.3,17598.9,0,6405870,1744520,491732,0,100339,0,4392750,675234,114135,829814,,,,,2.49839237,7.662870372,13.563851
AC038,16GUS-B1B,85,0.5,139,0.44295,H1801000135,-26.85011892,8.023026755,2.256044235,0.574526357,13.96459303,3174,0.1,463250,38541,20292.2,4276.42139,167602,3590.12549,3905850,622239,42893.9,16762.1,11320.5,0,4358920,1213470,308939,98302.7,63254.1,0,3111140,445281,73678,765655,,,,,4.656500374,10.13660172,15.79904146
AC085,16GUS-B1B,87,0.5,141,0.32202,H1711000110,-26.92346118,6.733115482,2.842031673,0.584947673,11.51062871,3295,0.1,147884,15024.1,7321.84521,1487.87463,72031.8,1874.6991,993246,185439,13582.5,8410.19824,3120.69214,0,1085890,312303,99778.9,27116.5,18349.5,0,763575,132084,25663.7,258890,,,,,2.459587083,7.992494607,13.64187928
AC009,16GUS-B1B,89,0.5,143,0.41978,H1801000040,-26.6398711,7.450249682,3.333548386,0.746821521,9.975944012,3440,0.1,438450,38128.1,21169.5,4472.875,207076,4359.71924,2801060,524926,35537.9,16263.2,8150.40576,0,3116000,914027,268353,77527.9,55002.1,2426.87231,2181760,357237,66669.8,NA,,,,,2.139904654,7.777961082,13.73069615
AC027,16GUS-B1B,91,0.5,145,0.44758,H1801000132,-26.58021939,7.457963692,2.209466669,0.562831641,13.25078967,3587,0.1,617140,48387.5,21013.1,5454.11768,208632,4189.79248,3673110,734920,44794.9,24141.8,11620.6,0,3793810,1372660,350302,101332,65039,0,2915910,428852,76967.5,916222,46,23,19,9,1.512190588,6.874391573,12.54709273
AC041,16GUS-B1B,93,0.5,147,0.39409,H1711000095,-27.00658241,6.888293893,2.49007267,0.516810357,13.32847493,3721,0.1,486394,23895.6,8670.72168,1856.54456,76676.8,1590.38232,2387720,543234,38718.3,13191.6,5878.60498,0,2419960,850995,243676,50922.3,47180.5,0,1981110,293354,57815.1,625815,32,16,13,6,4.800957183,10.3422778,16.33144092
AC046,16GUS-B1B,95,0.5,149,0.4102,H1801000046,-26.86283158,5.947119351,2.30778995,0.424175788,14.02041209,3869,0.1,850082,52735.7,13647.8,2642.17139,114808,2515.27563,4507340,820991,50407.1,24141.1,11333.1,1427.67334,4949670,1405310,489517,36266.4,94849.3,3693.08179,3747150,666116,114067,893948,,,,,2.732761116,8.21007013,13.90810023
AC102,16GUS-B1B,97,0.5,151,0.33917,H1801000157,-26.32257557,9.335166739,2.279573654,0.889148679,10.4989941,3989,0.1,546980,48622.6,23961.9,4833.44092,209879,4840.26465,2994400,685536,34699.2,18480.8,7990.83936,0,3113810,1099370,306682,93464.7,55938.4,0,2423260,364460,62702.7,724447,,,,,5.195840925,10.3727514,16.31365618
AC104,16GUS-B1B,99,0.5,153,0.33974,H1712000006,-26.4027516,9.047536654,1.910944266,0.723811529,12.49985154,4121,0.1,442081,51039.4,27031.9,5865.41113,270247,4236.56689,2072580,479863,32169.6,13606,4185.62061,0,2232580,753842,200938,54668.8,36035,0,1803860,263424,45994.6,417519,,,,,3.710265463,9.405631222,15.44398844
AC107,16GUS-B1B,101,0.5,155,0.35519,H1801000078,-26.54041675,8.244356122,1.483452782,0.710876357,11.59745438,4261,0.1,624484,46014.9,3496.02173,6352.99561,286911,4972.58838,2693060,757555,41048.7,19803.6,8032.56836,0,2628710,1070690,289678,98096.2,56075.2,0,2172350,319630,64853.3,709975,,,,,2.817108902,8.400193612,14.56545478
AC109,16GUS-B1B,103,0.5,157,0.6707,H1801000160,-26.74683117,5.492072131,0.363891633,0.632484346,8.683332901,4372,0.1,623278,36129.9,9442.52344,1611.50256,120409,2053.74561,3714410,795878,50409,25438.7,16079.7,0,3405550,1121170,390428,88241.9,91015,0,2648990,467037,96993.8,739314,,,,,2.617049934,8.464543748,14.54255836
AC097,16GUS-B1B,105,0.5,159,0.49473,H1711000113,-25.95222843,8.346122472,1.814740228,0.82281023,10.14343547,4500,0.1,722847,41023,6759.09375,1041.34814,57093,1236.95679,2776530,606652,46280.7,15091,8159.04883,0,2608910,940234,318368,62488.4,61505.7,0,2015740,409929,71240.8,461948,,,,,3.004781455,9.113270355,14.65679031
AC099,16GUS-A2,103.5,0.5,160,0.23706,H1801000075,-26.38274332,8.100588371,0.886283487,0.901430298,8.986372425,4570,0.1,406117,31838.2,6864.68896,1108.68884,90489.6,1220.16846,1871230,394830,26922.2,10978.3,7176.42627,0,1695120,619393,251777,49200.6,39907.2,2766.08691,1296700,327918,56635.1,787227,,,,,2.860396172,8.179534358,14.41429853
AC078,16GUS-A2,104.5,0.5,161,0.22568,H1801000151,-26.61025761,8.235998725,2.386883195,0.767826542,10.72637931,4640,0.1,332508,20718.3,4032.81519,0,30453.5,0,1695790,344582,24374.3,10837,6524.03613,0,1509760,561394,194740,41311.4,35199,0,1167550,277830,44900.6,789214,,,,,2.235427184,8.002783388,13.62359831
AC098,16GUS-A2,105.5,0.5,162,0.28554,H1712000004,-26.51771165,8.518026925,0.304070132,0.725734644,11.73710943,4716,0.1,361079,27447.5,9860.76172,2043.51868,108237,1556.95667,1404390,347805,25284.5,11551.8,6218.71973,1297.21521,1384280,501647,162112,51431.9,31113.1,0,1158470,239865,41093.2,435131,,,,,4.561169154,10.11856052,16.1753755
AC101,16GUS-A2,106.5,0.5,163,0.23416,H1801000076,-26.37540197,8.881715814,1.00271996,0.704150205,12.61338242,4828,0.1,498091,25453.7,4715.19336,3139.84033,102586,1873.54968,1981070,486168,30754.1,15717.5,8014.63086,0,2056680,769382,221393,71250.1,45341.4,2484.36865,1864440,326249,53631.3,808635,,,,,4.878454128,10.58954557,16.58723318
AC106,16GUS-A2,107.5,0.5,164,0.22321,H1801000158,-26.36841703,9.09381939,1.93985225,0.729627667,12.46364385,4881,0.1,339440,27189.2,7973.41699,1266.59253,81459.9,1139.78882,1873610,392433,27040.2,12098.2,8305.27246,0,1922970,617916,212551,58823.5,46959.3,0,1603700,314454,54758.7,631400,,,,,2.875847305,8.358492961,14.11369445
AC049,16GUS-A2,108.5,0.5,165,0.16721,H1711000098,-26.89134353,8.641064721,2.383289459,0.688766944,12.54570185,4947,0.1,686303,27224.9,3070.57324,8544.48828,3169.27344,0,757996,223462,53793.5,11657.9,11551.9,0,1063850,599826,254562,40283.9,55135.7,0,1166460,186565,27225.9,483665,,,,,4.009329233,9.609460674,14.95974784
AC073,16GUS-A2,109.5,0.5,166,0.27264,H1801000059,-26.88489045,8.939450466,1.652456659,0.727116586,12.29438392,5056,0.1,457142,64522.6,8221.38477,1952.8335,135738,1914.43481,2430820,627596,38394.2,17493.7,1293.35925,2854.65845,2541770,862774,302313,69263.7,66363,2805.75293,1947340,431455,76458.4,908130,,,,,2.848796254,8.466051545,14.0204013
AC044,16GUS-A2,110.5,0.5,167,0.37978,H1801000140,-26.81198094,6.36293421,3.147821934,0.485478943,13.10650915,5156,0.1,561015,55240.1,10995.3,1697.53528,163697,2081.29614,2236990,604674,42270.3,18508.5,10357.9,0,2171610,828198,285405,57989.4,57238.6,3482.3186,1761300,349299,61246.9,716715,,,,,4.430527165,10.15960977,15.20700638
AC084,16GUS-A2,111.5,0.5,168,0.37657,H1711000109,-27.07796888,8.27717513,2.531702029,0.882279135,9.381583219,5248,0.1,1167030,49207.7,10329.3,2275.93164,139849,2053.50684,1997380,468663,61671.5,18264,11993.7,0,1791480,667899,330803,51538.3,50887.8,3181.84033,1396140,296722,54697.3,529193,,,,,2.304575461,8.024546991,13.91260274
AC095,16GUS-A2,112.5,0.5,169,0.30463,H1801000074,-26.98604658,7.623970044,2.683163399,0.915958241,8.323490852,5331,0.1,716891,49504.6,17658.3,2981.91187,45619.1,666.79303,1817540,486423,64660.3,16913,9487.78418,0,1737340,686703,371421,61121.7,53075.1,1770.57568,1379980,284413,48358.8,659535,,,,,1.546363346,6.807880604,12.96621682
AC082,16GUS-A2,113.5,0.5,170,0.40437,H1801000153,-27.48575186,8.741251255,2.173028767,0.815989053,10.71246143,5419,0.1,859101,80576.2,28824.6,3141.05469,104165,1347.74707,2252250,583370,87987.1,25657.8,17063.1,0,2240890,903296,553392,75804.9,92850.4,3050.24292,1753560,436689,82257.9,744653,,,,,5.298182956,10.7780682,16.6001999
AC031,16GUS-A2,114.5,0.5,171,0.41256,H1711000089,-27.3811169,6.563794675,2.89705157,0.525191779,12.49790065,5514,0.1,926877,59768,9520.42969,2514.03857,88019.9,1342.02307,1943080,534505,55300,30320,11683.8,0,1771540,836317,369714,75341.9,50521.9,0,1497930,245059,43680.9,609469,,,,,1.189084403,6.560454903,12.22219507
AC028,16GUS-A2,116,0.5,172.5,0.44133,H1801000044,-27.21487444,6.913557684,2.102700695,0.555698354,12.44120597,5638,0.1,1104670,100436,19660.3,4272.93506,57915.6,1014.07458,2426980,712722,77831.2,28456.8,9519.95215,1898.96558,2271380,1095890,427622,93073.1,45802.2,0,1953830,249487,38441.5,761231,32,13,11,4,5.267068996,10.73902271,16.57898036
AC050,16GUS-A2,118,0.5,174.5,0.2789,H1801000141,-28.42628806,7.654371449,3.15732491,0.719631473,10.63651568,5799,0.1,1074190,38990.5,8988.33301,1533.18079,12328.3,0,2129790,728575,78878.5,23955.4,10319.9,0,2294170,1151050,525680,78299.6,49005.9,0,1977600,229424,23218.1,791833,,,,,2.07344559,7.471588998,13.55520487
AC051,16GUS-A2,119.5,0.5,176,0.15105,H1711000099,-27.38742431,7.237281582,3.067636245,0.70667186,10.24136094,5928,0.1,487136,16649.1,5558.55957,1133.55078,3424.64966,0,575635,152518,32843.1,9284.84863,2826.07349,0,776990,374450,213667,27349.6,20343.3,0,850847,119706,16601,506057,,,,,1.979504535,7.075596582,12.81548991
AC052,16GUS-A2,121,0.5,177.5,0.30641,H1801000048,-26.49655239,8.104363479,3.028325894,0.75737069,10.70065634,6070,0.1,885652,49407.9,11152.1,2169.59009,18695.2,546.89923,2009680,586136,73766.4,21495.1,7247.3418,1778.89929,2171190,922292,475529,71951.4,44494.5,3505.38379,1831120,210404,26347.5,821577,,,,,1.916094701,7.168315485,12.59520793
AC055,16GUS-A2,125.5,0.5,182,0.3089,H1711000100,-27.5500206,6.846985922,1.897103761,0.684262379,10.00637493,6463,0.1,1110640,19075.5,4032.13989,4032.13989,8702.76563,0,1607180,420116,76014.5,14710.7,5302.68213,0,1701750,766614,396849,53209.7,37453.1,0,1471200,186134,20642.7,491842,,,,,1.986005345,7.701739984,13.24888688
AC056,16GUS-A2,127,0.5,183.5,0.38008,H1801000049,-28.41314405,7.122743863,2.321884542,NA,NA,6604,0.1,1111660,60524.8,11634.9,2652.98218,59561.2,865.36304,2616860,691026,83125.6,23684.8,8404.62305,0,2454710,1052860,474983,79818,55533.2,2964.68872,2016810,227008,32878.1,793975,,,,,2.328379214,7.914844879,13.60463528
AC057,16GUS-A2,128.5,0.5,185,0.19264,H1711000101,-28.10596363,5.76093166,2.04900201,0.573765718,10.04056444,6734,0.1,693360,32075.6,6994.11279,2681.81177,3679.31299,0,854145,242689,68734.7,14061,13866.1,2051.49634,1221510,728325,302629,42249,65904.6,0,1345750,213597,30358.7,547257,,,,,4.796905047,10.36632053,15.91993104
AC058,16GUS-A2,130,0.5,186.5,0.2761,H1801000050,-28.8868153,6.126094617,1.68414089,0.585827567,10.45716344,6846,0.1,1058510,143650,29584.2,7491.48584,11474.9,7841.2583,1909480,569844,72622,22361.7,8039.04834,2106.33179,2862720,1046530,619028,81725.8,52867.5,0,2269870,322283,38372.8,962995,,,,,2.282670934,7.3967753,12.90436784
AC059,16GUS-A2,131,0.5,187.5,0.16579,H1801000144,-28.71448269,6.941548026,1.971144616,0.660003117,10.51744734,6920,0.1,669709,18414.1,4002.52734,0,4381.66016,0,961051,273721,39944.2,14496,4121.76807,0,1537740,625401,281766,0,23116.3,0,1594150,159629,17506.3,728854,,,,,1.779105993,7.449826433,12.96645102
AC060,16GUS-A2,132,0.5,188.5,0.216,H1711000102,-27.46726201,8.586977568,0.602533762,0.753942457,11.38943363,6989,0.1,891846,38680,19091.6,4968.01953,4693.04248,0,1007830,300198,63891.1,17752.1,5394.37354,0,1367080,694907,377793,48617.3,37244.8,0,1367930,189479,25752.6,561114,,,,,0.930890018,6.175249706,12.10114477
AC061,16GUS-A2,133,0.5,189.5,0.26446,H1801000051,-28.29387431,8.079128767,1.578804416,0.7344304,11.00053696,7068,0.1,1019730,105550,19004.6,3209.85938,8520.31348,638.64667,1592250,511252,53182.5,17235.9,5063.67285,0,1870250,888339,405834,58026.3,5829.05957,37585.4,1711970,192110,22594.7,799862,,,,,5.055964893,11.08287062,16.78491761
AC062,16GUS-A2,134,0.5,190.5,0.34298,H1801000145,-26.81200868,7.717190934,0.609403532,0.667875984,11.55482622,7176,0.1,841587,135345,15793,1706.05115,12039.3,0,1655360,565715,67528,18813,6683.19336,1880.00513,1942190,1015340,458446,69519.5,40683.1,5905.93799,1760950,223495,26645.7,684188,,,,,1.496092958,6.65016897,11.92545724
AC063,16GUS-A2,135,0.5,191.5,0.28213,H1711000103,-27.45265755,6.635234527,1.497130483,NA,NA,7315,0.1,908707,67436.3,26382.5,9386.75,5890.82861,0,1215780,383939,72782.9,14853.5,5291.75439,0,1592870,716302,385185,67247,34399,0,1487150,198946,24234.7,521330,,,,,1.803526719,7.098971838,12.77815927
AC064,16GUS-A2,136,0.5,192.5,0.33606,H1801000056,-27.36600444,5.404610395,1.583384262,0.489406284,11.0431978,7451,0.1,1039380,115915,36394.8,13797,9585.24023,518.59351,1859850,527536,68093.9,22909.3,5094.63672,1225.48108,2830880,1065220,587717,85305.2,48995.9,0,2230110,303231,34307.6,778002,,,,,4.837176272,10.31469206,15.69601542
AC065,16GUS-A2,137,0.5,193.5,0.33157,H1801000146,-24.98645147,8.62414316,1.066624894,0.732802211,11.7687188,7586,0.1,950730,37579.2,11278.4,1220.22522,9443.70508,519.62238,1521450,444096,52294.2,18476.7,5416.86133,0,1684190,789421,382154,48903.1,40201.1,0,1518940,170515,19349.1,632550,,,,,1.78597602,7.16904164,13.04535762
AC066,16GUS-A2,138,0.5,194.5,0.26476,H1711000104,-26.89866179,8.499789621,1.177304522,0.720084233,11.80388242,7720,0.1,437919,23105.4,4484.4043,2396.07788,3247.24194,0,522722,157480,30416.4,7374.52881,3034.6814,0,705252,406692,170462,33337.5,17536.6,1408.19385,761164,118475,15912.5,445856,,,,,1.902726896,7.018163059,12.67551145
AC067,16GUS-A2,139,0.5,195.5,0.1426,H1801000057,-26.67472677,8.096820695,0.950602111,0.696033129,11.63280936,7829,0.1,822302,15217.1,1894.82312,1009.77106,3600.79834,0,835562,282886,27260.5,8986.8252,2885.47266,1481.65735,1232020,671954,234536,32456.5,20471.4,1828.03625,1296010,213790,32357.3,598795,,,,,1.193034031,6.520934223,11.99307651
AC068,16GUS-A2,140,0.5,196.5,0.35218,H1801000147,-25.7916439,8.920663833,1.165854905,0.724075598,12.32007245,7916,0.1,1169020,180648,22338.4,2148.74536,12270.5,0,1993080,697321,80676.3,29912.1,11845.2,0,2397930,1241300,581895,68729.1,63500.2,0,2183200,256844,31595.2,724341,,,,,4.831479453,10.89493583,16.90732584
AC083,16GUS-A2,141,0.5,197.5,0.14089,H1711000108,-25.59634141,9.1786832,1.474283474,0.686455913,13.37111827,8008,0.1,1409220,54209.4,7285.7124,1414.89075,6645.53613,0,1615430,453729,117344,24516.4,24276.4,0,2316190,1296810,547760,75273.9,115313,0,2511990,380884,56868.4,1167030,,,,,2.3379302,7.496732002,13.17772658
AC090,16GUS-A2,142,0.5,198.5,0.23328,H1801000071,-25.59926507,5.905232527,1.918688489,0.497679897,11.86552354,8102,0.1,1159270,32796.8,4476.52686,1419.57764,6555.28174,0,1401830,424923,46478.2,20964.1,3064.33228,0,1970950,997048,354969,57917.3,30101.9,3698.39819,2073220,312195,47413.3,778808,,,,,2.331743526,7.66748798,13.28295943
AC075,16GUS-A2,143,0.5,199.5,0.17059,H1801000149,-24.40446326,8.100539092,0.81902012,0.56787321,14.26469667,8197,0.1,542652,15518.7,2418.67896,0,3498.00708,0,752700,203267,23737.2,4602.90381,3047.19434,0,1108350,580717,185693,31079.5,18457.1,0,1199690,151022,21918.4,539676,,,,,3.058931974,8.318657687,13.77599559
AC069,16GUS-A2,144,0.5,200.5,0.16792,H1711000105,-25.48495029,8.019014075,1.084180973,0.761204743,10.53463493,8313,0.1,771303,16138.5,2492.46411,0,3591.43872,0,900929,229618,54367,12530.4,4553.8667,0,1245500,580357,225457,15478.3,21025.7,2545.96558,1217140,152009,19014.1,487306,,,,,1.988406338,7.555952888,13.69977654
AC070,16GUS-A2,145,0.5,201.5,0.21807,H1801000058,-25.34669476,9.109558075,0.880377795,0.700260218,13.0088185,8452,0.1,305395,27055.9,6081.00537,1235.16711,112225,2291.48145,1738240,374348,25627.8,11969.3,8819.4707,1164.17932,1931990,623618,209895,50525.7,43772.4,2442.9314,1569120,305187,52753.4,687080,,,,,4.074512156,10.07954223,15.62473266
AC071,16GUS-A2,146,0.5,202.5,0.22041,H1801000148,-24.40324679,13.63480889,0.84755556,0.986310239,13.82405692,8595,0.1,347429,14881.4,4526.77637,1413.16016,2996.50732,0,469258,140595,14856,6599.74121,2438.06982,0,627463,341627,155310,24624.9,16863.1,0,687309,92278.6,13386.7,567009,,,,,2.866071832,8.766275153,14.40441561
AC094,16GUS-A2,147,0.5,203.5,0.14075,H1711000112,-24.13451212,8.614566842,0.728138558,0.603920072,14.26441551,8738,0.1,313956,5772.62695,0,0,2491.87329,0,413754,100607,28826.6,3857.93652,3819.05591,0,668045,298247,111103,9567.62891,15361.2,0,758505,78912,9551.02832,436369,,,,,2.445937594,7.566118751,13.01326934
AC087,16GUS-A2,148,0.5,204.5,0.14183,H1801000062,-23.83240073,10.01291987,1.517875575,0.636625112,15.72812584,8881,0.1,541821,10322.7,0,0,3630.90723,0,778098,208930,35758.4,13505.2,4629.04688,0,1157990,542190,197818,17205.3,26041.5,0,1363550,136496,16886.2,763182,,,,,3.500122607,9.316135606,14.44641251
AC077,16GUS-A2,149,0.5,205.5,0.18915,H1801000150,-23.37436088,7.612559998,1.750732273,0.546605577,13.92697095,8979,0.1,711556,17297.5,0,0,5115.89307,0,1216460,415479,65571.3,21993.7,8582.67676,0,1895280,961584,354943,47762.2,37735,0,2080080,239508,25335.2,886626,,,,,2.573672827,8.170999052,13.92585582
AC100,16GUS-A2,150,0.5,206.5,0.31916,H1712000005,-23.05386131,8.829144907,0.212773251,0.688123271,12.83076053,9032,0.1,1182640,19099.6,2191.99146,0,7323.24365,676.45233,1759820,481846,157953,32821.3,5785.62305,21568.2,2523010,1166120,534207,67304.7,73042.1,0,2630720,293628,79485.9,479798,,,,,3.023682458,8.389783888,14.52608931
AC103,16GUS-A2,151,0.5,207.5,0.18945,H1801000077,-22.67585628,8.588869303,0.704114145,0.690490864,12.43878776,9078,0.1,973500,13266.6,0,0,5285.65918,0,1473740,468896,122998,31858.1,23945.9,0,2255190,936086,438555,54384.3,77975.1,0,2112850,217604,19808.5,722320,,,,,1.841865762,7.847608552,13.460756
AC108,16GUS-A2,152,0.5,208.5,0.33199,H1801000159,-22.3497535,6.657651582,1.279887627,0.434097558,15.33676348,9121,0.1,541741,62432.6,14995.6,0,4883.2041,0,1231100,440114,13004.8,26160.1,13649.8,0,1564710,959751,336818,52568.2,47164.1,0,1697780,195485,16720,514676,,,,,4.121154618,9.954550134,15.58247465
AC005,16GUS-A2,154,0.5,210.5,0.52267,H1711000088,NA,NA,NA,NA,NA,9214,0.1,326657,44730.1,10456.8,0,3607.31885,0,666914,270661,27913.7,14363.9,5558.87646,0,796883,475797,161383,32984.5,20434.3,0,899910,112649,9945.03711,NA,,,,,1.811969707,7.563717328,13.2028066